{"chrome://global/content/viewSource.xul":{"viewSource":{"screenX":"10","screenY":"10","width":"1451","height":"862","sizemode":"normal"}},"chrome://browser/content/browser.xul":{"sidebar-title":{"value":"TruClient - AOS_TC_Git"},"nav-bar":{"currentset":"unified-back-forward-button,urlbar-container,reload-button,stop-button,search-container,downloads-button,,home-button,bookmarks-menu-button,fullscreenflex,window-controls,firebug-button"},"main-window":{"width":"820","height":"870","screenX":"4","screenY":"0","sizemode":"maximized"},"navigator-toolbox":{"iconsize":"small"},"titlebar-placeholder-on-menubar-for-caption-buttons":{"width":"138"},"titlebar-placeholder-on-TabsToolbar-for-captions-buttons":{"width":"138"}}}